{"time/step_s":432.37527799606323,"distance_km/mean":1641.9728691543214,"_wandb":{"runtime":2781},"optim/datums":2048,"optim/coord_tau":1278.9016269358744,"optim/skipped_uniform":0,"_step":5,"reward/mean":0.5725349921440341,"_runtime":2781,"progress/step":5,"_timestamp":1.7657905706388e+09}