{"optim/coord_tau":661.3810025505898,"optim/skipped_uniform":0,"progress/step":25,"_runtime":3639,"_step":25,"_wandb":{"runtime":3639},"reward/mean":0.22763052939982997,"distance_km/mean":997.7857041300416,"time/step_s":129.88795804977417,"optim/datums":4,"_timestamp":1.765794392068477e+09}